{
  "beneficiary": "0x70997970C51812dc3A010C7d01b50e0d17dc79C8",
  "nfts": [
    {
      "image": "https://ipfs.infura.io/ipfs/QmUfV4LQA6qTXv5ntc3TAbc3isxJZdfdCjJzgBwqFNoL9R",
      "price": "1",
      "name": "B1t",
      "team": "NaVi",
      "game": "CSGO",
      "description": "Device played in the best danish team of history. His role is the awper and he leads scores in every match."
    },
    {
      "image": "https://ipfs.infura.io/ipfs/QmaCFuuhNzb6pzm5YgPj7axVhhBRgWPfXAxjCe5J7kJGLZ",
      "price": "1",
      "name": "Edward",
      "team": "NaVi",
      "game": "CSGO",
      "description": "Device played in the best danish team of history. His role is the awper and he leads scores in every match."
    },
    {
      "image": "https://ipfs.infura.io/ipfs/QmVM1sMn9me6oHPHdi9rrnA2T2DBk46m5vmjRfzEyr8gB6",
      "price": "1",
      "name": "electronic",
      "team": "NaVi",
      "game": "CSGO",
      "description": "Device played in the best danish team of history. His role is the awper and he leads scores in every match."
    },
    {
      "image": "https://ipfs.infura.io/ipfs/QmQoYu5jZ3Td2tFYE8dXeDHPxF4GYDGyF5uK8rCHTkhzyQ",
      "price": "1",
      "name": "s1mple",
      "team": "NaVi",
      "game": "CSGO",
      "description": "Device played in the best danish team of history. His role is the awper and he leads scores in every match."
    },
    {
      "image": "https://ipfs.infura.io/ipfs/QmSpQ3MBXW2TcBoLhTbcTR5oxQk7uro4PZTo6DckuRC4Yy",
      "price": "1",
      "name": "Zeus",
      "team": "NaVi",
      "game": "CSGO",
      "description": "Device played in the best danish team of history. His role is the awper and he leads scores in every match."
    }
  ]
}